IdProveedor,Empresa,NombreContacto,Ciudad,Pais
1,Oller Inc,Gil del Cruz,Murcia,Turkmenistán
2,Ángel-Aguiló,Emperatriz de Cañizares,Baleares,Bulgaria
3,"Cortés, Lladó and Luján",Clementina Paca Novoa Frutos,Málaga,Nigeria
4,Azcona-Bru,Saturnina Lloret Arregui,Guipúzcoa,Canadá
5,"Juárez, Cuéllar and Sala",Olalla del Agustí,Asturias,Togo
6,Araujo LLC,Mamen Colomer-Ropero,Alicante,Hungría
7,Ariño-Pallarès,Néstor Iborra,Huelva,República de Corea
8,Cortes-Guzmán,Salomón Elorza Revilla,Cádiz,Venezuela
9,Requena-Hurtado,Cebrián Campoy-Piñeiro,Lugo,Estados Unidos de América
10,Seguí LLC,Segismundo Rómulo Goñi Gisbert,Sevilla,Egipto
11,Moya-Lopez,Rolando Lorenzo Ortega,Soria,Portugal
12,Amorós-Carlos,Chuy Lara-Arenas,Pontevedra,Marruecos
13,Mir-Rubio,Lina Azahar Plaza Falcón,Alicante,Turquía
14,Abellán-Vizcaíno,Noelia de Pascual,Asturias,Suiza
15,Mir-Casanovas,José Luis Fabián Real Morera,Tarragona,Guyana
16,"Castejón, Feliu and Rivero",Nicolasa Dávila Mascaró,Navarra,Afganistán
17,Madrid-Gallo,Roberta Montserrat Sola,León,Swazilandia
18,Vicente Group,Narciso Blazquez Luz,Ávila,Zimbabwe
19,Menéndez and Sons,Candelario Amat,Ciudad,Namibia
20,"Beltran, Sarabia and Ribas",Charo Plana-Urrutia,Ciudad,Chipre
